{
  "comparison": {
    "legacy": {
      "branch_ops": {
        "create_branch": {
          "count": 50,
          "errors": 0,
          "min": 0.11450391600374132,
          "max": 1.3329570000059903,
          "mean": 0.2759605932829436,
          "median": 0.13166608350002207,
          "stdev": 0.3329385061084439,
          "p95": 1.1971909170097206,
          "p99": 1.3329570000059903
        },
        "list_branches": {
          "count": 100,
          "errors": 0,
          "min": 6.791990017518401e-06,
          "max": 0.0018323750118725002,
          "mean": 5.355123925255612e-05,
          "median": 9.87551175057888e-06,
          "stdev": 0.0002146966117800508,
          "p95": 0.00010366700007580221,
          "p99": 0.0018323750118725002
        },
        "get_diff": {
          "count": 50,
          "errors": 0,
          "min": 0.023369167000055313,
          "max": 0.03324700001394376,
          "mean": 0.026289234260329978,
          "median": 0.025821146002272144,
          "stdev": 0.0022713071685244034,
          "p95": 0.03180183400399983,
          "p99": 0.03324700001394376
        }
      },
      "merge_ops": {
        "fast_forward_merge": {
          "count": 30,
          "errors": 0,
          "min": 0.09664950001752004,
          "max": 0.11685941700125113,
          "mean": 0.10431632499967236,
          "median": 0.10340704201371409,
          "stdev": 0.005716688626315121,
          "p95": 0.11436708300607279,
          "p99": 0.11685941700125113
        },
        "conflict_detection": {
          "count": 50,
          "errors": 0,
          "min": 0.02520366699900478,
          "max": 0.07146362500498071,
          "mean": 0.029737496660090984,
          "median": 0.028034541523084044,
          "stdev": 0.007018971038172748,
          "p95": 0.037354999978560954,
          "p99": 0.07146362500498071
        }
      }
    },
    "native": {
      "branch_ops": {
        "create_branch": {
          "count": 50,
          "errors": 0,
          "min": 0.14483887498499826,
          "max": 0.19302533302106895,
          "mean": 0.15896999423857777,
          "median": 0.15734654149855487,
          "stdev": 0.010206502205718292,
          "p95": 0.17660816700663418,
          "p99": 0.19302533302106895
        },
        "list_branches": {
          "count": 100,
          "errors": 0,
          "min": 7.417023880407214e-06,
          "max": 0.0003573749854695052,
          "mean": 2.6885030674748123e-05,
          "median": 2.7645990485325456e-05,
          "stdev": 3.742862271780391e-05,
          "p95": 6.416699034161866e-05,
          "p99": 0.0003573749854695052
        },
        "get_diff": {
          "count": 50,
          "errors": 0,
          "min": 0.03233824999188073,
          "max": 0.05002895800862461,
          "mean": 0.036100038341246546,
          "median": 0.03473283399944194,
          "stdev": 0.003736606719640842,
          "p95": 0.04270958300912753,
          "p99": 0.05002895800862461
        }
      },
      "merge_ops": {
        "fast_forward_merge": {
          "count": 30,
          "errors": 0,
          "min": 0.12206566700479016,
          "max": 0.18469779199222103,
          "mean": 0.1328416845955265,
          "median": 0.13124229149252642,
          "stdev": 0.011674432963119593,
          "p95": 0.15199870799551718,
          "p99": 0.18469779199222103
        },
        "conflict_detection": {
          "count": 50,
          "errors": 0,
          "min": 0.03499270899919793,
          "max": 0.043846334010595456,
          "mean": 0.03766651330166496,
          "median": 0.037323020995245315,
          "stdev": 0.0018034518187942479,
          "p95": 0.04035254099289887,
          "p99": 0.043846334010595456
        }
      }
    }
  },
  "improvements": {
    "branch_ops": {
      "create_branch": {
        "legacy_mean": 0.2759605932829436,
        "native_mean": 0.15896999423857777,
        "improvement_percent": 42.393951126353336,
        "speedup": 1.7359288122561642
      },
      "list_branches": {
        "legacy_mean": 5.355123925255612e-05,
        "native_mean": 2.6885030674748123e-05,
        "improvement_percent": 49.79568904474075,
        "speedup": 1.9918608202613786
      },
      "get_diff": {
        "legacy_mean": 0.026289234260329978,
        "native_mean": 0.036100038341246546,
        "improvement_percent": -37.318713750901864,
        "speedup": 0.728232862575464
      }
    },
    "merge_ops": {
      "fast_forward_merge": {
        "legacy_mean": 0.10431632499967236,
        "native_mean": 0.1328416845955265,
        "improvement_percent": -27.345058020346997,
        "speedup": 0.7852680076836759
      },
      "conflict_detection": {
        "legacy_mean": 0.029737496660090984,
        "native_mean": 0.03766651330166496,
        "improvement_percent": -26.66336286542594,
        "speedup": 0.7894942763066022
      }
    }
  },
  "timestamp": "2025-06-28T09:48:23.262920"
}